,feature,coef
0,1,0.0
1,t10_cen_blk_ml,0.029892402266541537
2,t10_gis_area_k,0.031100320270450794
3,t10_ldb_ag25dwn_p,-0.48491863676305136
4,t10_ldb_ag60up_p,0.08119520043963942
5,t10_ldb_asian_p,0.4018618073719623
6,t10_ldb_col_p,1.9901607967731356
7,t10_ldb_fb_p,0.27275307656554665
8,t10_ldb_hinci_m,0.2701040253226594
9,t10_ldb_hisp_p,0.0
10,t10_ldb_hs_p,-0.6903544551525299
11,t10_ldb_lep_p,0.0641360506151692
12,t10_ldb_mhmvali_m,1.0514093970252223
13,t10_ldb_mrenti_m,0.6795400817629094
14,t10_ldb_multi_p,0.21869003586393357
15,t10_ldb_nhblk_p,0.0
16,t10_ldb_nhwht_p,-0.0
17,t10_ldb_npov_p,-0.3332367006939005
18,t10_ldb_own_p,0.6631880633954464
19,t10_ldb_pop_d,0.0
20,t10_ldb_unemp_p,-0.0
21,t10_ldb_vac_p,-0.03743762127896546
22,t10_use_green_k,0.2950781887113041
23,t10_net_act_d,0.0
24,t10_net_amb_d,0.0
25,t10_net_apa_d,0.0
26,t10_net_aur_d,0.0
27,t10_net_bar_d,0.0
28,t10_net_cer_d,-0.0
29,t10_net_dra_d,0.0
30,t10_net_ffa_d,0.0
31,t10_net_fin_d,0.0
32,t10_net_fsa_d,0.03436940657651329
33,t10_net_fsr_d,0.0
34,t10_net_hoi_d,0.0
35,t10_net_hsr_d,0.0
36,t10_net_kct_d,-0.0
37,t10_net_liq_d,-0.0
38,t10_net_mul_d,-0.0
39,t10_net_ngt_d,0.0
40,t10_net_pht_d,-0.0
41,t10_net_res_d,0.0
42,t10_net_srv_d,-0.0
43,t10_net_wal_d,0.0
44,t10_cen_blk_ml^2,-0.17114367980952216
45,t10_cen_blk_ml t10_gis_area_k,-0.0
46,t10_cen_blk_ml t10_ldb_ag25dwn_p,0.006453861588310912
47,t10_cen_blk_ml t10_ldb_ag60up_p,-0.0
48,t10_cen_blk_ml t10_ldb_asian_p,-0.00046652115726614673
49,t10_cen_blk_ml t10_ldb_col_p,-0.023792989495539027
50,t10_cen_blk_ml t10_ldb_fb_p,-0.02863335585893343
51,t10_cen_blk_ml t10_ldb_hinci_m,0.0313891965816219
52,t10_cen_blk_ml t10_ldb_hisp_p,-0.0
53,t10_cen_blk_ml t10_ldb_hs_p,0.021283553102070685
54,t10_cen_blk_ml t10_ldb_lep_p,0.013719201713454938
55,t10_cen_blk_ml t10_ldb_mhmvali_m,-0.000969721789030498
56,t10_cen_blk_ml t10_ldb_mrenti_m,0.052292890292010674
57,t10_cen_blk_ml t10_ldb_multi_p,0.10067418216658654
58,t10_cen_blk_ml t10_ldb_nhblk_p,-0.026308835001775936
59,t10_cen_blk_ml t10_ldb_nhwht_p,0.10443977223032112
60,t10_cen_blk_ml t10_ldb_npov_p,-0.0
61,t10_cen_blk_ml t10_ldb_own_p,0.0
62,t10_cen_blk_ml t10_ldb_pop_d,-0.03151348367129699
63,t10_cen_blk_ml t10_ldb_unemp_p,0.0
64,t10_cen_blk_ml t10_ldb_vac_p,0.11883219685585822
65,t10_cen_blk_ml t10_use_green_k,-0.09223927146347423
66,t10_cen_blk_ml t10_net_act_d,0.0
67,t10_cen_blk_ml t10_net_amb_d,0.0008475174659987613
68,t10_cen_blk_ml t10_net_apa_d,-0.03810208407796348
69,t10_cen_blk_ml t10_net_aur_d,-0.044390828319030594
70,t10_cen_blk_ml t10_net_bar_d,0.0
71,t10_cen_blk_ml t10_net_cer_d,0.04655083975553454
72,t10_cen_blk_ml t10_net_dra_d,0.00944072010035475
73,t10_cen_blk_ml t10_net_ffa_d,-0.027181922311911095
74,t10_cen_blk_ml t10_net_fin_d,-0.07460328139572066
75,t10_cen_blk_ml t10_net_fsa_d,-0.022766938024756357
76,t10_cen_blk_ml t10_net_fsr_d,0.07130707699344072
77,t10_cen_blk_ml t10_net_hoi_d,-0.0
78,t10_cen_blk_ml t10_net_hsr_d,0.04923564475022634
79,t10_cen_blk_ml t10_net_kct_d,-0.03857690389018797
80,t10_cen_blk_ml t10_net_liq_d,0.022860639747988857
81,t10_cen_blk_ml t10_net_mul_d,-0.0
82,t10_cen_blk_ml t10_net_ngt_d,-0.03461533057398351
83,t10_cen_blk_ml t10_net_pht_d,0.022140599133702994
84,t10_cen_blk_ml t10_net_res_d,-0.027417392878765726
85,t10_cen_blk_ml t10_net_srv_d,0.02500095975137527
86,t10_cen_blk_ml t10_net_wal_d,0.0
87,t10_gis_area_k^2,-0.05272633023313558
88,t10_gis_area_k t10_ldb_ag25dwn_p,-0.09311669669025772
89,t10_gis_area_k t10_ldb_ag60up_p,0.0
90,t10_gis_area_k t10_ldb_asian_p,-0.010932461669222446
91,t10_gis_area_k t10_ldb_col_p,0.047431235217813804
92,t10_gis_area_k t10_ldb_fb_p,0.0
93,t10_gis_area_k t10_ldb_hinci_m,0.007812000180687461
94,t10_gis_area_k t10_ldb_hisp_p,-0.0
95,t10_gis_area_k t10_ldb_hs_p,0.2228838156408578
96,t10_gis_area_k t10_ldb_lep_p,-0.061788599372582416
97,t10_gis_area_k t10_ldb_mhmvali_m,-0.0
98,t10_gis_area_k t10_ldb_mrenti_m,-0.05288473286015738
99,t10_gis_area_k t10_ldb_multi_p,-0.0
100,t10_gis_area_k t10_ldb_nhblk_p,0.03250345147821936
101,t10_gis_area_k t10_ldb_nhwht_p,0.0
102,t10_gis_area_k t10_ldb_npov_p,0.04112106386252991
103,t10_gis_area_k t10_ldb_own_p,-0.0
104,t10_gis_area_k t10_ldb_pop_d,0.2657492768800517
105,t10_gis_area_k t10_ldb_unemp_p,0.011145343302105112
106,t10_gis_area_k t10_ldb_vac_p,-0.0
107,t10_gis_area_k t10_use_green_k,-0.12301950879062148
108,t10_gis_area_k t10_net_act_d,-0.0
109,t10_gis_area_k t10_net_amb_d,-0.0
110,t10_gis_area_k t10_net_apa_d,0.0
111,t10_gis_area_k t10_net_aur_d,0.09067048076991475
112,t10_gis_area_k t10_net_bar_d,0.027131409553726754
113,t10_gis_area_k t10_net_cer_d,-0.07879737110419265
114,t10_gis_area_k t10_net_dra_d,-0.055150244159112266
115,t10_gis_area_k t10_net_ffa_d,0.02712863880094242
116,t10_gis_area_k t10_net_fin_d,0.03754849366680921
117,t10_gis_area_k t10_net_fsa_d,-0.16536279709296434
118,t10_gis_area_k t10_net_fsr_d,-0.1455583411301531
119,t10_gis_area_k t10_net_hoi_d,-0.02746005011336676
120,t10_gis_area_k t10_net_hsr_d,0.028375256427648182
121,t10_gis_area_k t10_net_kct_d,0.0
122,t10_gis_area_k t10_net_liq_d,-0.044960495806050084
123,t10_gis_area_k t10_net_mul_d,0.00708379463427942
124,t10_gis_area_k t10_net_ngt_d,-0.18261179436117225
125,t10_gis_area_k t10_net_pht_d,0.00371168702802875
126,t10_gis_area_k t10_net_res_d,-0.0858536345957936
127,t10_gis_area_k t10_net_srv_d,-0.0
128,t10_gis_area_k t10_net_wal_d,0.16335837326563044
129,t10_ldb_ag25dwn_p^2,0.020260703046960947
130,t10_ldb_ag25dwn_p t10_ldb_ag60up_p,0.20858697421931405
131,t10_ldb_ag25dwn_p t10_ldb_asian_p,0.0010754378589796602
132,t10_ldb_ag25dwn_p t10_ldb_col_p,0.0
133,t10_ldb_ag25dwn_p t10_ldb_fb_p,0.0
134,t10_ldb_ag25dwn_p t10_ldb_hinci_m,-0.0
135,t10_ldb_ag25dwn_p t10_ldb_hisp_p,0.2541715197938381
136,t10_ldb_ag25dwn_p t10_ldb_hs_p,-0.017286773649230563
137,t10_ldb_ag25dwn_p t10_ldb_lep_p,0.12886228196304234
138,t10_ldb_ag25dwn_p t10_ldb_mhmvali_m,0.0
139,t10_ldb_ag25dwn_p t10_ldb_mrenti_m,0.143194360776474
140,t10_ldb_ag25dwn_p t10_ldb_multi_p,0.34508294355343555
141,t10_ldb_ag25dwn_p t10_ldb_nhblk_p,-0.12709125624589404
142,t10_ldb_ag25dwn_p t10_ldb_nhwht_p,0.6199874452210358
143,t10_ldb_ag25dwn_p t10_ldb_npov_p,0.1373258380891504
144,t10_ldb_ag25dwn_p t10_ldb_own_p,0.06526437640086138
145,t10_ldb_ag25dwn_p t10_ldb_pop_d,0.0
146,t10_ldb_ag25dwn_p t10_ldb_unemp_p,0.10417944772696974
147,t10_ldb_ag25dwn_p t10_ldb_vac_p,-0.04034133807330743
148,t10_ldb_ag25dwn_p t10_use_green_k,-0.0
149,t10_ldb_ag25dwn_p t10_net_act_d,0.0
150,t10_ldb_ag25dwn_p t10_net_amb_d,0.0
151,t10_ldb_ag25dwn_p t10_net_apa_d,0.03690685712231437
152,t10_ldb_ag25dwn_p t10_net_aur_d,0.0
153,t10_ldb_ag25dwn_p t10_net_bar_d,-0.0
154,t10_ldb_ag25dwn_p t10_net_cer_d,-0.0020430403089566097
155,t10_ldb_ag25dwn_p t10_net_dra_d,0.0
156,t10_ldb_ag25dwn_p t10_net_ffa_d,0.0
157,t10_ldb_ag25dwn_p t10_net_fin_d,-0.009035794078967707
158,t10_ldb_ag25dwn_p t10_net_fsa_d,-0.0
159,t10_ldb_ag25dwn_p t10_net_fsr_d,0.10179257866047556
160,t10_ldb_ag25dwn_p t10_net_hoi_d,0.018067189476613184
161,t10_ldb_ag25dwn_p t10_net_hsr_d,0.0
162,t10_ldb_ag25dwn_p t10_net_kct_d,-0.018760801415571307
163,t10_ldb_ag25dwn_p t10_net_liq_d,0.14914119021930966
164,t10_ldb_ag25dwn_p t10_net_mul_d,-0.023451701378529137
165,t10_ldb_ag25dwn_p t10_net_ngt_d,-0.043179644934847945
166,t10_ldb_ag25dwn_p t10_net_pht_d,-0.0
167,t10_ldb_ag25dwn_p t10_net_res_d,-0.23375017768698078
168,t10_ldb_ag25dwn_p t10_net_srv_d,-0.092104753393366
169,t10_ldb_ag25dwn_p t10_net_wal_d,-0.0
170,t10_ldb_ag60up_p^2,-0.25917327858461503
171,t10_ldb_ag60up_p t10_ldb_asian_p,0.05834148433464696
172,t10_ldb_ag60up_p t10_ldb_col_p,0.23061020248371095
173,t10_ldb_ag60up_p t10_ldb_fb_p,0.23289027872680793
174,t10_ldb_ag60up_p t10_ldb_hinci_m,0.14294334296024072
175,t10_ldb_ag60up_p t10_ldb_hisp_p,0.14993995418663525
176,t10_ldb_ag60up_p t10_ldb_hs_p,-0.0
177,t10_ldb_ag60up_p t10_ldb_lep_p,0.0
178,t10_ldb_ag60up_p t10_ldb_mhmvali_m,-0.10752943681520637
179,t10_ldb_ag60up_p t10_ldb_mrenti_m,0.003265517032986431
180,t10_ldb_ag60up_p t10_ldb_multi_p,0.0003232256061848903
181,t10_ldb_ag60up_p t10_ldb_nhblk_p,-0.1294113168622179
182,t10_ldb_ag60up_p t10_ldb_nhwht_p,0.08328958076490695
183,t10_ldb_ag60up_p t10_ldb_npov_p,-0.18005676596459155
184,t10_ldb_ag60up_p t10_ldb_own_p,0.045380859458953565
185,t10_ldb_ag60up_p t10_ldb_pop_d,0.13550170140930226
186,t10_ldb_ag60up_p t10_ldb_unemp_p,0.08515383867262614
187,t10_ldb_ag60up_p t10_ldb_vac_p,0.032077599342572885
188,t10_ldb_ag60up_p t10_use_green_k,-0.0
189,t10_ldb_ag60up_p t10_net_act_d,-0.1265637749430505
190,t10_ldb_ag60up_p t10_net_amb_d,-0.0
191,t10_ldb_ag60up_p t10_net_apa_d,0.0007999370075753535
192,t10_ldb_ag60up_p t10_net_aur_d,0.06082606611297404
193,t10_ldb_ag60up_p t10_net_bar_d,0.002694930755446366
194,t10_ldb_ag60up_p t10_net_cer_d,-0.0
195,t10_ldb_ag60up_p t10_net_dra_d,-0.0
196,t10_ldb_ag60up_p t10_net_ffa_d,0.0012883424536556303
197,t10_ldb_ag60up_p t10_net_fin_d,-0.08362129250659465
198,t10_ldb_ag60up_p t10_net_fsa_d,0.14156576353006028
199,t10_ldb_ag60up_p t10_net_fsr_d,-0.08245590122906943
200,t10_ldb_ag60up_p t10_net_hoi_d,-0.16469607724669563
201,t10_ldb_ag60up_p t10_net_hsr_d,-0.06520580814776239
202,t10_ldb_ag60up_p t10_net_kct_d,0.01629054610403089
203,t10_ldb_ag60up_p t10_net_liq_d,-0.0
204,t10_ldb_ag60up_p t10_net_mul_d,0.1047493236202339
205,t10_ldb_ag60up_p t10_net_ngt_d,0.0
206,t10_ldb_ag60up_p t10_net_pht_d,0.0
207,t10_ldb_ag60up_p t10_net_res_d,-0.13706817129007717
208,t10_ldb_ag60up_p t10_net_srv_d,0.039468392284878355
209,t10_ldb_ag60up_p t10_net_wal_d,0.16882265941752245
210,t10_ldb_asian_p^2,0.0
211,t10_ldb_asian_p t10_ldb_col_p,-0.1610688815617742
212,t10_ldb_asian_p t10_ldb_fb_p,-0.0
213,t10_ldb_asian_p t10_ldb_hinci_m,-0.036766780104640726
214,t10_ldb_asian_p t10_ldb_hisp_p,0.036469676254640204
215,t10_ldb_asian_p t10_ldb_hs_p,0.0
216,t10_ldb_asian_p t10_ldb_lep_p,0.1225900940980051
217,t10_ldb_asian_p t10_ldb_mhmvali_m,0.0
218,t10_ldb_asian_p t10_ldb_mrenti_m,0.0
219,t10_ldb_asian_p t10_ldb_multi_p,-0.0
220,t10_ldb_asian_p t10_ldb_nhblk_p,-0.028629372045822422
221,t10_ldb_asian_p t10_ldb_nhwht_p,-0.019379270491435403
222,t10_ldb_asian_p t10_ldb_npov_p,-0.04911907163442106
223,t10_ldb_asian_p t10_ldb_own_p,0.0
224,t10_ldb_asian_p t10_ldb_pop_d,0.0
225,t10_ldb_asian_p t10_ldb_unemp_p,-0.1061459000479718
226,t10_ldb_asian_p t10_ldb_vac_p,-0.008382962506468736
227,t10_ldb_asian_p t10_use_green_k,0.0
228,t10_ldb_asian_p t10_net_act_d,0.0
229,t10_ldb_asian_p t10_net_amb_d,0.0001590693311640773
230,t10_ldb_asian_p t10_net_apa_d,0.001244192222819547
231,t10_ldb_asian_p t10_net_aur_d,-0.0
232,t10_ldb_asian_p t10_net_bar_d,-0.11666036139374121
233,t10_ldb_asian_p t10_net_cer_d,-0.0
234,t10_ldb_asian_p t10_net_dra_d,-0.012317035671432127
235,t10_ldb_asian_p t10_net_ffa_d,0.0023818941772535546
236,t10_ldb_asian_p t10_net_fin_d,-0.0
237,t10_ldb_asian_p t10_net_fsa_d,-0.0
238,t10_ldb_asian_p t10_net_fsr_d,0.0
239,t10_ldb_asian_p t10_net_hoi_d,-0.03684431281278023
240,t10_ldb_asian_p t10_net_hsr_d,-0.006227343797771317
241,t10_ldb_asian_p t10_net_kct_d,0.0034284347665954414
242,t10_ldb_asian_p t10_net_liq_d,-0.0027677351076692033
243,t10_ldb_asian_p t10_net_mul_d,-0.009941786627869173
244,t10_ldb_asian_p t10_net_ngt_d,-0.0
245,t10_ldb_asian_p t10_net_pht_d,-0.0361560554808039
246,t10_ldb_asian_p t10_net_res_d,0.014670150043580332
247,t10_ldb_asian_p t10_net_srv_d,-0.06593301567511319
248,t10_ldb_asian_p t10_net_wal_d,0.08618002380804123
249,t10_ldb_col_p^2,-0.494896554215646
250,t10_ldb_col_p t10_ldb_fb_p,0.028908852345114523
251,t10_ldb_col_p t10_ldb_hinci_m,-0.0
252,t10_ldb_col_p t10_ldb_hisp_p,-0.02216942187049072
253,t10_ldb_col_p t10_ldb_hs_p,-0.08902085910955654
254,t10_ldb_col_p t10_ldb_lep_p,-0.0
255,t10_ldb_col_p t10_ldb_mhmvali_m,0.0
256,t10_ldb_col_p t10_ldb_mrenti_m,-0.05672706414943043
257,t10_ldb_col_p t10_ldb_multi_p,-0.28865401682241587
258,t10_ldb_col_p t10_ldb_nhblk_p,-0.08305493529979041
259,t10_ldb_col_p t10_ldb_nhwht_p,-0.19467173024820092
260,t10_ldb_col_p t10_ldb_npov_p,0.06032649761271848
261,t10_ldb_col_p t10_ldb_own_p,-0.5252490839487454
262,t10_ldb_col_p t10_ldb_pop_d,-0.0
263,t10_ldb_col_p t10_ldb_unemp_p,0.09010260848878097
264,t10_ldb_col_p t10_ldb_vac_p,0.0
265,t10_ldb_col_p t10_use_green_k,0.0
266,t10_ldb_col_p t10_net_act_d,0.0
267,t10_ldb_col_p t10_net_amb_d,0.0
268,t10_ldb_col_p t10_net_apa_d,-0.0
269,t10_ldb_col_p t10_net_aur_d,0.0
270,t10_ldb_col_p t10_net_bar_d,0.0
271,t10_ldb_col_p t10_net_cer_d,-0.04897941700749901
272,t10_ldb_col_p t10_net_dra_d,0.0
273,t10_ldb_col_p t10_net_ffa_d,-0.00020292168716811774
274,t10_ldb_col_p t10_net_fin_d,0.0
275,t10_ldb_col_p t10_net_fsa_d,0.0
276,t10_ldb_col_p t10_net_fsr_d,0.0
277,t10_ldb_col_p t10_net_hoi_d,-0.009019629278452367
278,t10_ldb_col_p t10_net_hsr_d,-0.06909505984356286
279,t10_ldb_col_p t10_net_kct_d,-0.0
280,t10_ldb_col_p t10_net_liq_d,-0.0
281,t10_ldb_col_p t10_net_mul_d,-0.0
282,t10_ldb_col_p t10_net_ngt_d,0.0
283,t10_ldb_col_p t10_net_pht_d,0.0
284,t10_ldb_col_p t10_net_res_d,0.1261728885204957
285,t10_ldb_col_p t10_net_srv_d,0.009343710561401474
286,t10_ldb_col_p t10_net_wal_d,0.0
287,t10_ldb_fb_p^2,-0.20188446036031232
288,t10_ldb_fb_p t10_ldb_hinci_m,-0.0
289,t10_ldb_fb_p t10_ldb_hisp_p,0.0
290,t10_ldb_fb_p t10_ldb_hs_p,0.003424715098459243
291,t10_ldb_fb_p t10_ldb_lep_p,0.04607157664156268
292,t10_ldb_fb_p t10_ldb_mhmvali_m,0.0018375806425721115
293,t10_ldb_fb_p t10_ldb_mrenti_m,0.018115820912530306
294,t10_ldb_fb_p t10_ldb_multi_p,-0.09009475958997967
295,t10_ldb_fb_p t10_ldb_nhblk_p,0.23380590442568092
296,t10_ldb_fb_p t10_ldb_nhwht_p,-0.0
297,t10_ldb_fb_p t10_ldb_npov_p,-0.04953413484267209
298,t10_ldb_fb_p t10_ldb_own_p,-0.0
299,t10_ldb_fb_p t10_ldb_pop_d,-0.03599618215119442
300,t10_ldb_fb_p t10_ldb_unemp_p,0.0809008858878224
301,t10_ldb_fb_p t10_ldb_vac_p,0.08474499367636948
302,t10_ldb_fb_p t10_use_green_k,0.0
303,t10_ldb_fb_p t10_net_act_d,0.0
304,t10_ldb_fb_p t10_net_amb_d,0.0
305,t10_ldb_fb_p t10_net_apa_d,-0.10701337063582018
306,t10_ldb_fb_p t10_net_aur_d,-0.0
307,t10_ldb_fb_p t10_net_bar_d,0.0
308,t10_ldb_fb_p t10_net_cer_d,-0.0
309,t10_ldb_fb_p t10_net_dra_d,0.04998317542918408
310,t10_ldb_fb_p t10_net_ffa_d,0.012257251972252307
311,t10_ldb_fb_p t10_net_fin_d,-0.0
312,t10_ldb_fb_p t10_net_fsa_d,0.0
313,t10_ldb_fb_p t10_net_fsr_d,0.06455712080965918
314,t10_ldb_fb_p t10_net_hoi_d,0.0027394311843221314
315,t10_ldb_fb_p t10_net_hsr_d,-0.0
316,t10_ldb_fb_p t10_net_kct_d,0.027458245220563098
317,t10_ldb_fb_p t10_net_liq_d,0.0
318,t10_ldb_fb_p t10_net_mul_d,-0.0
319,t10_ldb_fb_p t10_net_ngt_d,0.0
320,t10_ldb_fb_p t10_net_pht_d,0.0
321,t10_ldb_fb_p t10_net_res_d,0.050552493791795286
322,t10_ldb_fb_p t10_net_srv_d,-0.031593768414948736
323,t10_ldb_fb_p t10_net_wal_d,0.0
324,t10_ldb_hinci_m^2,0.0
325,t10_ldb_hinci_m t10_ldb_hisp_p,0.004565202062587782
326,t10_ldb_hinci_m t10_ldb_hs_p,0.13388002082546618
327,t10_ldb_hinci_m t10_ldb_lep_p,-0.012492582312046831
328,t10_ldb_hinci_m t10_ldb_mhmvali_m,0.18703541864114775
329,t10_ldb_hinci_m t10_ldb_mrenti_m,-0.199108728473532
330,t10_ldb_hinci_m t10_ldb_multi_p,-0.08894785693735151
331,t10_ldb_hinci_m t10_ldb_nhblk_p,0.18183366820134111
332,t10_ldb_hinci_m t10_ldb_nhwht_p,-0.6470078041921721
333,t10_ldb_hinci_m t10_ldb_npov_p,0.27146970611624555
334,t10_ldb_hinci_m t10_ldb_own_p,-0.09666335654101355
335,t10_ldb_hinci_m t10_ldb_pop_d,-0.0
336,t10_ldb_hinci_m t10_ldb_unemp_p,0.009230244721129297
337,t10_ldb_hinci_m t10_ldb_vac_p,0.00684994346155681
338,t10_ldb_hinci_m t10_use_green_k,0.010218769982692135
339,t10_ldb_hinci_m t10_net_act_d,-0.0
340,t10_ldb_hinci_m t10_net_amb_d,-0.0
341,t10_ldb_hinci_m t10_net_apa_d,0.013401419683378457
342,t10_ldb_hinci_m t10_net_aur_d,-0.0
343,t10_ldb_hinci_m t10_net_bar_d,0.13777117389065793
344,t10_ldb_hinci_m t10_net_cer_d,-0.0
345,t10_ldb_hinci_m t10_net_dra_d,0.09831234762376818
346,t10_ldb_hinci_m t10_net_ffa_d,-0.0
347,t10_ldb_hinci_m t10_net_fin_d,-0.0
348,t10_ldb_hinci_m t10_net_fsa_d,0.0
349,t10_ldb_hinci_m t10_net_fsr_d,-0.10887189919330748
350,t10_ldb_hinci_m t10_net_hoi_d,-0.011966033220164226
351,t10_ldb_hinci_m t10_net_hsr_d,-0.0
352,t10_ldb_hinci_m t10_net_kct_d,0.0
353,t10_ldb_hinci_m t10_net_liq_d,0.0
354,t10_ldb_hinci_m t10_net_mul_d,-0.0
355,t10_ldb_hinci_m t10_net_ngt_d,0.0
356,t10_ldb_hinci_m t10_net_pht_d,-0.0
357,t10_ldb_hinci_m t10_net_res_d,-0.0
358,t10_ldb_hinci_m t10_net_srv_d,0.0
359,t10_ldb_hinci_m t10_net_wal_d,0.0
360,t10_ldb_hisp_p^2,0.3211096383549102
361,t10_ldb_hisp_p t10_ldb_hs_p,0.15249840578481047
362,t10_ldb_hisp_p t10_ldb_lep_p,-0.0
363,t10_ldb_hisp_p t10_ldb_mhmvali_m,0.0
364,t10_ldb_hisp_p t10_ldb_mrenti_m,0.11229266410572085
365,t10_ldb_hisp_p t10_ldb_multi_p,-0.0
366,t10_ldb_hisp_p t10_ldb_nhblk_p,0.013618020253209597
367,t10_ldb_hisp_p t10_ldb_nhwht_p,0.003701343229155842
368,t10_ldb_hisp_p t10_ldb_npov_p,-0.1544816269808496
369,t10_ldb_hisp_p t10_ldb_own_p,0.030858504379568014
370,t10_ldb_hisp_p t10_ldb_pop_d,0.0
371,t10_ldb_hisp_p t10_ldb_unemp_p,-0.036007796685282756
372,t10_ldb_hisp_p t10_ldb_vac_p,-0.005988401090659698
373,t10_ldb_hisp_p t10_use_green_k,-0.08559656940112861
374,t10_ldb_hisp_p t10_net_act_d,0.0
375,t10_ldb_hisp_p t10_net_amb_d,0.06151807197566506
376,t10_ldb_hisp_p t10_net_apa_d,-0.0
377,t10_ldb_hisp_p t10_net_aur_d,-0.0
378,t10_ldb_hisp_p t10_net_bar_d,-0.0
379,t10_ldb_hisp_p t10_net_cer_d,-0.0017715643785541945
380,t10_ldb_hisp_p t10_net_dra_d,0.0
381,t10_ldb_hisp_p t10_net_ffa_d,-0.012705672574866534
382,t10_ldb_hisp_p t10_net_fin_d,0.044665587845658876
383,t10_ldb_hisp_p t10_net_fsa_d,0.07115404760023472
384,t10_ldb_hisp_p t10_net_fsr_d,-0.07380480899414578
385,t10_ldb_hisp_p t10_net_hoi_d,-0.02882325916600064
386,t10_ldb_hisp_p t10_net_hsr_d,0.0
387,t10_ldb_hisp_p t10_net_kct_d,-0.01867603649267786
388,t10_ldb_hisp_p t10_net_liq_d,-0.0
389,t10_ldb_hisp_p t10_net_mul_d,0.0
390,t10_ldb_hisp_p t10_net_ngt_d,-0.07009788600114959
391,t10_ldb_hisp_p t10_net_pht_d,-0.0002861288830603649
392,t10_ldb_hisp_p t10_net_res_d,0.0
393,t10_ldb_hisp_p t10_net_srv_d,-0.05152661532500825
394,t10_ldb_hisp_p t10_net_wal_d,-0.09164940864108503
395,t10_ldb_hs_p^2,0.0
396,t10_ldb_hs_p t10_ldb_lep_p,0.19868798141951075
397,t10_ldb_hs_p t10_ldb_mhmvali_m,0.297034437674794
398,t10_ldb_hs_p t10_ldb_mrenti_m,-0.22080377500778187
399,t10_ldb_hs_p t10_ldb_multi_p,-0.0
400,t10_ldb_hs_p t10_ldb_nhblk_p,0.3458283806121422
401,t10_ldb_hs_p t10_ldb_nhwht_p,-0.11015838345823861
402,t10_ldb_hs_p t10_ldb_npov_p,-0.06159397638253425
403,t10_ldb_hs_p t10_ldb_own_p,0.11160962732381145
404,t10_ldb_hs_p t10_ldb_pop_d,-0.0
405,t10_ldb_hs_p t10_ldb_unemp_p,-0.0372804922018086
406,t10_ldb_hs_p t10_ldb_vac_p,-0.0
407,t10_ldb_hs_p t10_use_green_k,0.20246739476560843
408,t10_ldb_hs_p t10_net_act_d,0.0
409,t10_ldb_hs_p t10_net_amb_d,0.0
410,t10_ldb_hs_p t10_net_apa_d,-0.019763125886076587
411,t10_ldb_hs_p t10_net_aur_d,0.0
412,t10_ldb_hs_p t10_net_bar_d,0.06924253900122444
413,t10_ldb_hs_p t10_net_cer_d,0.031046100026453406
414,t10_ldb_hs_p t10_net_dra_d,-0.0
415,t10_ldb_hs_p t10_net_ffa_d,-0.08821799596171087
416,t10_ldb_hs_p t10_net_fin_d,-0.0002838196175656642
417,t10_ldb_hs_p t10_net_fsa_d,-0.0
418,t10_ldb_hs_p t10_net_fsr_d,0.0
419,t10_ldb_hs_p t10_net_hoi_d,0.027701272804953755
420,t10_ldb_hs_p t10_net_hsr_d,-0.03385896567274487
421,t10_ldb_hs_p t10_net_kct_d,0.04258922427717192
422,t10_ldb_hs_p t10_net_liq_d,-0.0
423,t10_ldb_hs_p t10_net_mul_d,-0.025935990963018393
424,t10_ldb_hs_p t10_net_ngt_d,0.0
425,t10_ldb_hs_p t10_net_pht_d,-0.028221310081044983
426,t10_ldb_hs_p t10_net_res_d,0.007837678745452737
427,t10_ldb_hs_p t10_net_srv_d,-0.0
428,t10_ldb_hs_p t10_net_wal_d,0.0
429,t10_ldb_lep_p^2,0.0
430,t10_ldb_lep_p t10_ldb_mhmvali_m,-0.10797251824241477
431,t10_ldb_lep_p t10_ldb_mrenti_m,0.0
432,t10_ldb_lep_p t10_ldb_multi_p,-0.0
433,t10_ldb_lep_p t10_ldb_nhblk_p,-0.1105227862868901
434,t10_ldb_lep_p t10_ldb_nhwht_p,0.12109235945048712
435,t10_ldb_lep_p t10_ldb_npov_p,0.09372009765443226
436,t10_ldb_lep_p t10_ldb_own_p,-0.07165500515362655
437,t10_ldb_lep_p t10_ldb_pop_d,-0.0
438,t10_ldb_lep_p t10_ldb_unemp_p,-0.107025382141189
439,t10_ldb_lep_p t10_ldb_vac_p,-0.045752662329443285
440,t10_ldb_lep_p t10_use_green_k,-0.0
441,t10_ldb_lep_p t10_net_act_d,-0.0071115841967949525
442,t10_ldb_lep_p t10_net_amb_d,-0.03812135632689627
443,t10_ldb_lep_p t10_net_apa_d,0.045608951386484145
444,t10_ldb_lep_p t10_net_aur_d,-0.0
445,t10_ldb_lep_p t10_net_bar_d,0.0
446,t10_ldb_lep_p t10_net_cer_d,-0.025284121937702887
447,t10_ldb_lep_p t10_net_dra_d,-0.0
448,t10_ldb_lep_p t10_net_ffa_d,0.050746746833688045
449,t10_ldb_lep_p t10_net_fin_d,-0.05738068699394521
450,t10_ldb_lep_p t10_net_fsa_d,0.0
451,t10_ldb_lep_p t10_net_fsr_d,-0.02016188016028491
452,t10_ldb_lep_p t10_net_hoi_d,0.0
453,t10_ldb_lep_p t10_net_hsr_d,-0.0
454,t10_ldb_lep_p t10_net_kct_d,-0.0
455,t10_ldb_lep_p t10_net_liq_d,-0.07549338062405879
456,t10_ldb_lep_p t10_net_mul_d,0.0
457,t10_ldb_lep_p t10_net_ngt_d,0.02907847311456619
458,t10_ldb_lep_p t10_net_pht_d,-0.010137071593569505
459,t10_ldb_lep_p t10_net_res_d,-0.0
460,t10_ldb_lep_p t10_net_srv_d,-0.0
461,t10_ldb_lep_p t10_net_wal_d,0.0
462,t10_ldb_mhmvali_m^2,-0.2416275811720963
463,t10_ldb_mhmvali_m t10_ldb_mrenti_m,-0.0
464,t10_ldb_mhmvali_m t10_ldb_multi_p,-0.43085707812143414
465,t10_ldb_mhmvali_m t10_ldb_nhblk_p,-0.13761233158443176
466,t10_ldb_mhmvali_m t10_ldb_nhwht_p,-0.0
467,t10_ldb_mhmvali_m t10_ldb_npov_p,-0.0061520165567945035
468,t10_ldb_mhmvali_m t10_ldb_own_p,-0.33475825741824194
469,t10_ldb_mhmvali_m t10_ldb_pop_d,-0.0
470,t10_ldb_mhmvali_m t10_ldb_unemp_p,-0.014489051288002203
471,t10_ldb_mhmvali_m t10_ldb_vac_p,-0.08610860880973563
472,t10_ldb_mhmvali_m t10_use_green_k,-0.006893192780779944
473,t10_ldb_mhmvali_m t10_net_act_d,0.0
474,t10_ldb_mhmvali_m t10_net_amb_d,0.0
475,t10_ldb_mhmvali_m t10_net_apa_d,0.0
476,t10_ldb_mhmvali_m t10_net_aur_d,-0.037676016495003815
477,t10_ldb_mhmvali_m t10_net_bar_d,-0.04624516382926548
478,t10_ldb_mhmvali_m t10_net_cer_d,-0.0538377821710679
479,t10_ldb_mhmvali_m t10_net_dra_d,-0.14916554712062224
480,t10_ldb_mhmvali_m t10_net_ffa_d,-0.0
481,t10_ldb_mhmvali_m t10_net_fin_d,0.006197336270440738
482,t10_ldb_mhmvali_m t10_net_fsa_d,-0.0
483,t10_ldb_mhmvali_m t10_net_fsr_d,0.10229210745755347
484,t10_ldb_mhmvali_m t10_net_hoi_d,0.0
485,t10_ldb_mhmvali_m t10_net_hsr_d,0.06554761479450262
486,t10_ldb_mhmvali_m t10_net_kct_d,0.02301894694452638
487,t10_ldb_mhmvali_m t10_net_liq_d,0.09526605324027095
488,t10_ldb_mhmvali_m t10_net_mul_d,-0.0009158388018211036
489,t10_ldb_mhmvali_m t10_net_ngt_d,-0.0
490,t10_ldb_mhmvali_m t10_net_pht_d,-0.010564457581626708
491,t10_ldb_mhmvali_m t10_net_res_d,0.017810534740193878
492,t10_ldb_mhmvali_m t10_net_srv_d,0.0
493,t10_ldb_mhmvali_m t10_net_wal_d,-0.0
494,t10_ldb_mrenti_m^2,-0.24358538916086064
495,t10_ldb_mrenti_m t10_ldb_multi_p,0.31533230583031613
496,t10_ldb_mrenti_m t10_ldb_nhblk_p,0.05752734359311514
497,t10_ldb_mrenti_m t10_ldb_nhwht_p,-0.013239076286363284
498,t10_ldb_mrenti_m t10_ldb_npov_p,-0.1427258268060202
499,t10_ldb_mrenti_m t10_ldb_own_p,-0.31495147684055047
500,t10_ldb_mrenti_m t10_ldb_pop_d,-0.09286379318456771
501,t10_ldb_mrenti_m t10_ldb_unemp_p,0.07504089501335733
502,t10_ldb_mrenti_m t10_ldb_vac_p,-0.0
503,t10_ldb_mrenti_m t10_use_green_k,-0.0
504,t10_ldb_mrenti_m t10_net_act_d,0.12968671150346125
505,t10_ldb_mrenti_m t10_net_amb_d,0.0
506,t10_ldb_mrenti_m t10_net_apa_d,0.0
507,t10_ldb_mrenti_m t10_net_aur_d,-0.0
508,t10_ldb_mrenti_m t10_net_bar_d,0.0
509,t10_ldb_mrenti_m t10_net_cer_d,-0.0
510,t10_ldb_mrenti_m t10_net_dra_d,0.0
511,t10_ldb_mrenti_m t10_net_ffa_d,0.036868190878812886
512,t10_ldb_mrenti_m t10_net_fin_d,0.0
513,t10_ldb_mrenti_m t10_net_fsa_d,0.0
514,t10_ldb_mrenti_m t10_net_fsr_d,0.0
515,t10_ldb_mrenti_m t10_net_hoi_d,0.06588623396290078
516,t10_ldb_mrenti_m t10_net_hsr_d,0.06596556284982368
517,t10_ldb_mrenti_m t10_net_kct_d,0.0
518,t10_ldb_mrenti_m t10_net_liq_d,-0.03453298827039359
519,t10_ldb_mrenti_m t10_net_mul_d,-0.0
520,t10_ldb_mrenti_m t10_net_ngt_d,0.0
521,t10_ldb_mrenti_m t10_net_pht_d,0.0
522,t10_ldb_mrenti_m t10_net_res_d,0.0
523,t10_ldb_mrenti_m t10_net_srv_d,-0.0
524,t10_ldb_mrenti_m t10_net_wal_d,0.0
525,t10_ldb_multi_p^2,-0.036395981553220304
526,t10_ldb_multi_p t10_ldb_nhblk_p,0.04319959411345285
527,t10_ldb_multi_p t10_ldb_nhwht_p,0.18904335784616286
528,t10_ldb_multi_p t10_ldb_npov_p,-0.0
529,t10_ldb_multi_p t10_ldb_own_p,0.11161396818051254
530,t10_ldb_multi_p t10_ldb_pop_d,-0.027273903013577273
531,t10_ldb_multi_p t10_ldb_unemp_p,-0.008153725212620226
532,t10_ldb_multi_p t10_ldb_vac_p,-0.23187636050976074
533,t10_ldb_multi_p t10_use_green_k,-0.03750710446622031
534,t10_ldb_multi_p t10_net_act_d,-0.0
535,t10_ldb_multi_p t10_net_amb_d,-0.0
536,t10_ldb_multi_p t10_net_apa_d,-0.0
537,t10_ldb_multi_p t10_net_aur_d,-0.0
538,t10_ldb_multi_p t10_net_bar_d,0.0
539,t10_ldb_multi_p t10_net_cer_d,-0.0
540,t10_ldb_multi_p t10_net_dra_d,-0.046505158026767864
541,t10_ldb_multi_p t10_net_ffa_d,0.016977914317556252
542,t10_ldb_multi_p t10_net_fin_d,0.122516188664176
543,t10_ldb_multi_p t10_net_fsa_d,-0.0
544,t10_ldb_multi_p t10_net_fsr_d,0.26755072819457765
545,t10_ldb_multi_p t10_net_hoi_d,0.06007060769353889
546,t10_ldb_multi_p t10_net_hsr_d,-0.024754998748509085
547,t10_ldb_multi_p t10_net_kct_d,-0.017800002791448503
548,t10_ldb_multi_p t10_net_liq_d,-0.0
549,t10_ldb_multi_p t10_net_mul_d,-0.1229283614041203
550,t10_ldb_multi_p t10_net_ngt_d,0.0453647664137875
551,t10_ldb_multi_p t10_net_pht_d,-0.0
552,t10_ldb_multi_p t10_net_res_d,0.0
553,t10_ldb_multi_p t10_net_srv_d,0.0
554,t10_ldb_multi_p t10_net_wal_d,0.0
555,t10_ldb_nhblk_p^2,-0.0
556,t10_ldb_nhblk_p t10_ldb_nhwht_p,-0.046617253627160175
557,t10_ldb_nhblk_p t10_ldb_npov_p,0.07018230875338176
558,t10_ldb_nhblk_p t10_ldb_own_p,-0.07006865569530529
559,t10_ldb_nhblk_p t10_ldb_pop_d,-0.12750002789965034
560,t10_ldb_nhblk_p t10_ldb_unemp_p,-0.2511621038477161
561,t10_ldb_nhblk_p t10_ldb_vac_p,-0.17771377896738713
562,t10_ldb_nhblk_p t10_use_green_k,0.0707444549467379
563,t10_ldb_nhblk_p t10_net_act_d,-0.0
564,t10_ldb_nhblk_p t10_net_amb_d,-0.0
565,t10_ldb_nhblk_p t10_net_apa_d,0.05293056221708722
566,t10_ldb_nhblk_p t10_net_aur_d,0.0235047959946811
567,t10_ldb_nhblk_p t10_net_bar_d,1.7376256547140185e-05
568,t10_ldb_nhblk_p t10_net_cer_d,-0.03901379662591964
569,t10_ldb_nhblk_p t10_net_dra_d,0.009474859123039666
570,t10_ldb_nhblk_p t10_net_ffa_d,0.030991256645419806
571,t10_ldb_nhblk_p t10_net_fin_d,0.03320892709814476
572,t10_ldb_nhblk_p t10_net_fsa_d,-0.0
573,t10_ldb_nhblk_p t10_net_fsr_d,-0.09481886118634862
574,t10_ldb_nhblk_p t10_net_hoi_d,0.009153508235142894
575,t10_ldb_nhblk_p t10_net_hsr_d,0.010124028516187444
576,t10_ldb_nhblk_p t10_net_kct_d,-0.05137333354475145
577,t10_ldb_nhblk_p t10_net_liq_d,-0.050747371660276874
578,t10_ldb_nhblk_p t10_net_mul_d,-0.045331386545271656
579,t10_ldb_nhblk_p t10_net_ngt_d,0.0
580,t10_ldb_nhblk_p t10_net_pht_d,0.003508353133287565
581,t10_ldb_nhblk_p t10_net_res_d,0.0378691197897461
582,t10_ldb_nhblk_p t10_net_srv_d,-0.04316848131786158
583,t10_ldb_nhblk_p t10_net_wal_d,0.0
584,t10_ldb_nhwht_p^2,0.5357141227247711
585,t10_ldb_nhwht_p t10_ldb_npov_p,-0.47217524705961744
586,t10_ldb_nhwht_p t10_ldb_own_p,0.6103908582966783
587,t10_ldb_nhwht_p t10_ldb_pop_d,-0.03175341095249628
588,t10_ldb_nhwht_p t10_ldb_unemp_p,-0.3609979388005104
589,t10_ldb_nhwht_p t10_ldb_vac_p,-0.060916500085644455
590,t10_ldb_nhwht_p t10_use_green_k,0.0
591,t10_ldb_nhwht_p t10_net_act_d,-0.00081052218174478
592,t10_ldb_nhwht_p t10_net_amb_d,-0.01725781185857752
593,t10_ldb_nhwht_p t10_net_apa_d,-0.04214977238360975
594,t10_ldb_nhwht_p t10_net_aur_d,0.0
595,t10_ldb_nhwht_p t10_net_bar_d,0.0
596,t10_ldb_nhwht_p t10_net_cer_d,0.0
597,t10_ldb_nhwht_p t10_net_dra_d,-0.03848785779917754
598,t10_ldb_nhwht_p t10_net_ffa_d,-0.023312748639931973
599,t10_ldb_nhwht_p t10_net_fin_d,0.0
600,t10_ldb_nhwht_p t10_net_fsa_d,0.0
601,t10_ldb_nhwht_p t10_net_fsr_d,0.0
602,t10_ldb_nhwht_p t10_net_hoi_d,0.0
603,t10_ldb_nhwht_p t10_net_hsr_d,-0.02200988902100472
604,t10_ldb_nhwht_p t10_net_kct_d,-0.0
605,t10_ldb_nhwht_p t10_net_liq_d,-0.09584010780225027
606,t10_ldb_nhwht_p t10_net_mul_d,-0.010732507889124141
607,t10_ldb_nhwht_p t10_net_ngt_d,0.0006722487614176833
608,t10_ldb_nhwht_p t10_net_pht_d,-0.047555159827769734
609,t10_ldb_nhwht_p t10_net_res_d,-0.1546021086305556
610,t10_ldb_nhwht_p t10_net_srv_d,0.0
611,t10_ldb_nhwht_p t10_net_wal_d,0.0
612,t10_ldb_npov_p^2,0.13393181803381457
613,t10_ldb_npov_p t10_ldb_own_p,0.0
614,t10_ldb_npov_p t10_ldb_pop_d,0.0
615,t10_ldb_npov_p t10_ldb_unemp_p,0.23975736321095686
616,t10_ldb_npov_p t10_ldb_vac_p,-0.03558557589777929
617,t10_ldb_npov_p t10_use_green_k,0.05430222123140114
618,t10_ldb_npov_p t10_net_act_d,0.0
619,t10_ldb_npov_p t10_net_amb_d,0.0
620,t10_ldb_npov_p t10_net_apa_d,-0.0
621,t10_ldb_npov_p t10_net_aur_d,0.0
622,t10_ldb_npov_p t10_net_bar_d,0.0
623,t10_ldb_npov_p t10_net_cer_d,-0.0
624,t10_ldb_npov_p t10_net_dra_d,0.0
625,t10_ldb_npov_p t10_net_ffa_d,-0.0
626,t10_ldb_npov_p t10_net_fin_d,-0.0
627,t10_ldb_npov_p t10_net_fsa_d,-0.0
628,t10_ldb_npov_p t10_net_fsr_d,0.0056148965962696425
629,t10_ldb_npov_p t10_net_hoi_d,0.0
630,t10_ldb_npov_p t10_net_hsr_d,-0.0
631,t10_ldb_npov_p t10_net_kct_d,-0.00966955991871756
632,t10_ldb_npov_p t10_net_liq_d,-0.06251384408536284
633,t10_ldb_npov_p t10_net_mul_d,-0.023819062803507755
634,t10_ldb_npov_p t10_net_ngt_d,0.025625983835968643
635,t10_ldb_npov_p t10_net_pht_d,0.0416037365860533
636,t10_ldb_npov_p t10_net_res_d,0.021627858891335592
637,t10_ldb_npov_p t10_net_srv_d,0.08138943349903266
638,t10_ldb_npov_p t10_net_wal_d,-0.0
639,t10_ldb_own_p^2,0.0
640,t10_ldb_own_p t10_ldb_pop_d,0.09178326268746109
641,t10_ldb_own_p t10_ldb_unemp_p,-0.0
642,t10_ldb_own_p t10_ldb_vac_p,-0.0
643,t10_ldb_own_p t10_use_green_k,-0.10024048396036517
644,t10_ldb_own_p t10_net_act_d,0.02641191140527668
645,t10_ldb_own_p t10_net_amb_d,0.0034475309521254816
646,t10_ldb_own_p t10_net_apa_d,0.09702495025566704
647,t10_ldb_own_p t10_net_aur_d,-0.1178206636080998
648,t10_ldb_own_p t10_net_bar_d,-0.0
649,t10_ldb_own_p t10_net_cer_d,-0.0
650,t10_ldb_own_p t10_net_dra_d,0.0
651,t10_ldb_own_p t10_net_ffa_d,-0.03287033282868814
652,t10_ldb_own_p t10_net_fin_d,-0.0
653,t10_ldb_own_p t10_net_fsa_d,-0.019895607453454634
654,t10_ldb_own_p t10_net_fsr_d,-0.05536847100715899
655,t10_ldb_own_p t10_net_hoi_d,0.0
656,t10_ldb_own_p t10_net_hsr_d,0.026078388408049828
657,t10_ldb_own_p t10_net_kct_d,-0.05176073570147785
658,t10_ldb_own_p t10_net_liq_d,-0.01916792432297298
659,t10_ldb_own_p t10_net_mul_d,-0.0
660,t10_ldb_own_p t10_net_ngt_d,-0.10392731407096151
661,t10_ldb_own_p t10_net_pht_d,0.051315201301212934
662,t10_ldb_own_p t10_net_res_d,-0.09446296394356246
663,t10_ldb_own_p t10_net_srv_d,0.0
664,t10_ldb_own_p t10_net_wal_d,0.06758238764192548
665,t10_ldb_pop_d^2,0.12646466227419237
666,t10_ldb_pop_d t10_ldb_unemp_p,-0.0
667,t10_ldb_pop_d t10_ldb_vac_p,-0.01372455770693478
668,t10_ldb_pop_d t10_use_green_k,0.21020693624293488
669,t10_ldb_pop_d t10_net_act_d,-0.0023945171190562493
670,t10_ldb_pop_d t10_net_amb_d,-0.0420133518586716
671,t10_ldb_pop_d t10_net_apa_d,0.025080006126519196
672,t10_ldb_pop_d t10_net_aur_d,0.0
673,t10_ldb_pop_d t10_net_bar_d,-0.06212134057259493
674,t10_ldb_pop_d t10_net_cer_d,0.03428418205989676
675,t10_ldb_pop_d t10_net_dra_d,0.0
676,t10_ldb_pop_d t10_net_ffa_d,0.04508625426654507
677,t10_ldb_pop_d t10_net_fin_d,-0.018020269304994074
678,t10_ldb_pop_d t10_net_fsa_d,-0.0
679,t10_ldb_pop_d t10_net_fsr_d,0.0
680,t10_ldb_pop_d t10_net_hoi_d,0.04794916012919716
681,t10_ldb_pop_d t10_net_hsr_d,-0.0
682,t10_ldb_pop_d t10_net_kct_d,0.0
683,t10_ldb_pop_d t10_net_liq_d,0.0
684,t10_ldb_pop_d t10_net_mul_d,8.339882953749164e-05
685,t10_ldb_pop_d t10_net_ngt_d,-0.0
686,t10_ldb_pop_d t10_net_pht_d,0.0
687,t10_ldb_pop_d t10_net_res_d,0.02665768542122302
688,t10_ldb_pop_d t10_net_srv_d,0.0
689,t10_ldb_pop_d t10_net_wal_d,-0.0649532534705032
690,t10_ldb_unemp_p^2,-0.10399748257388874
691,t10_ldb_unemp_p t10_ldb_vac_p,-0.007343562677690133
692,t10_ldb_unemp_p t10_use_green_k,0.0
693,t10_ldb_unemp_p t10_net_act_d,0.0
694,t10_ldb_unemp_p t10_net_amb_d,0.04291677390973916
695,t10_ldb_unemp_p t10_net_apa_d,0.03710113738183532
696,t10_ldb_unemp_p t10_net_aur_d,-0.010173623789718242
697,t10_ldb_unemp_p t10_net_bar_d,0.04086514355115869
698,t10_ldb_unemp_p t10_net_cer_d,0.0
699,t10_ldb_unemp_p t10_net_dra_d,0.019903302421239086
700,t10_ldb_unemp_p t10_net_ffa_d,-0.0
701,t10_ldb_unemp_p t10_net_fin_d,0.0
702,t10_ldb_unemp_p t10_net_fsa_d,-0.0
703,t10_ldb_unemp_p t10_net_fsr_d,-0.1351042897825542
704,t10_ldb_unemp_p t10_net_hoi_d,-0.08368397703307126
705,t10_ldb_unemp_p t10_net_hsr_d,-0.0
706,t10_ldb_unemp_p t10_net_kct_d,-0.0
707,t10_ldb_unemp_p t10_net_liq_d,0.0
708,t10_ldb_unemp_p t10_net_mul_d,0.03942820170208351
709,t10_ldb_unemp_p t10_net_ngt_d,0.0
710,t10_ldb_unemp_p t10_net_pht_d,-0.0
711,t10_ldb_unemp_p t10_net_res_d,0.0
712,t10_ldb_unemp_p t10_net_srv_d,0.05066696926076309
713,t10_ldb_unemp_p t10_net_wal_d,-0.0
714,t10_ldb_vac_p^2,0.23230517798877645
715,t10_ldb_vac_p t10_use_green_k,-0.12222331416216618
716,t10_ldb_vac_p t10_net_act_d,-0.0
717,t10_ldb_vac_p t10_net_amb_d,-0.00023112524954121687
718,t10_ldb_vac_p t10_net_apa_d,-0.2037552096434547
719,t10_ldb_vac_p t10_net_aur_d,0.03580068094183145
720,t10_ldb_vac_p t10_net_bar_d,0.007608824496436758
721,t10_ldb_vac_p t10_net_cer_d,0.19742306803215756
722,t10_ldb_vac_p t10_net_dra_d,0.009692230292665461
723,t10_ldb_vac_p t10_net_ffa_d,-0.008572472335249062
724,t10_ldb_vac_p t10_net_fin_d,0.005606545278232248
725,t10_ldb_vac_p t10_net_fsa_d,0.0
726,t10_ldb_vac_p t10_net_fsr_d,-0.0
727,t10_ldb_vac_p t10_net_hoi_d,0.0
728,t10_ldb_vac_p t10_net_hsr_d,-0.02015008482338878
729,t10_ldb_vac_p t10_net_kct_d,0.03758819549771785
730,t10_ldb_vac_p t10_net_liq_d,-0.0
731,t10_ldb_vac_p t10_net_mul_d,0.1482707583153954
732,t10_ldb_vac_p t10_net_ngt_d,0.0
733,t10_ldb_vac_p t10_net_pht_d,-0.02488785346256069
734,t10_ldb_vac_p t10_net_res_d,0.0035736054086655316
735,t10_ldb_vac_p t10_net_srv_d,0.0
736,t10_ldb_vac_p t10_net_wal_d,-0.07622057601451228
737,t10_use_green_k^2,-0.07901376834408684
738,t10_use_green_k t10_net_act_d,-0.014155123913401216
739,t10_use_green_k t10_net_amb_d,-0.0
740,t10_use_green_k t10_net_apa_d,0.0
741,t10_use_green_k t10_net_aur_d,-0.33716639254043757
742,t10_use_green_k t10_net_bar_d,0.14388901417928276
743,t10_use_green_k t10_net_cer_d,0.11787713068746236
744,t10_use_green_k t10_net_dra_d,-0.06867164689619229
745,t10_use_green_k t10_net_ffa_d,-0.03531020084086528
746,t10_use_green_k t10_net_fin_d,0.23452325503461494
747,t10_use_green_k t10_net_fsa_d,0.16302167147045366
748,t10_use_green_k t10_net_fsr_d,0.0
749,t10_use_green_k t10_net_hoi_d,-0.047007407823976825
750,t10_use_green_k t10_net_hsr_d,0.015504727099719116
751,t10_use_green_k t10_net_kct_d,0.0024315666605538694
752,t10_use_green_k t10_net_liq_d,0.05351668672500454
753,t10_use_green_k t10_net_mul_d,-0.020707042530379242
754,t10_use_green_k t10_net_ngt_d,-0.0
755,t10_use_green_k t10_net_pht_d,-0.019512318241334398
756,t10_use_green_k t10_net_res_d,-0.11585530176216946
757,t10_use_green_k t10_net_srv_d,-0.021436092254861785
758,t10_use_green_k t10_net_wal_d,-9.616440251599578e-06
759,t10_net_act_d^2,-0.0
760,t10_net_act_d t10_net_amb_d,-0.0
761,t10_net_act_d t10_net_apa_d,0.0
762,t10_net_act_d t10_net_aur_d,0.0
763,t10_net_act_d t10_net_bar_d,0.0
764,t10_net_act_d t10_net_cer_d,-0.05326183436128806
765,t10_net_act_d t10_net_dra_d,0.0
766,t10_net_act_d t10_net_ffa_d,0.04594112986965455
767,t10_net_act_d t10_net_fin_d,0.01488081216507394
768,t10_net_act_d t10_net_fsa_d,0.0
769,t10_net_act_d t10_net_fsr_d,-0.027277914126291637
770,t10_net_act_d t10_net_hoi_d,0.0
771,t10_net_act_d t10_net_hsr_d,-0.01239183429234762
772,t10_net_act_d t10_net_kct_d,-0.0
773,t10_net_act_d t10_net_liq_d,-0.0
774,t10_net_act_d t10_net_mul_d,-0.03015575333907376
775,t10_net_act_d t10_net_ngt_d,0.003988583062211694
776,t10_net_act_d t10_net_pht_d,0.0
777,t10_net_act_d t10_net_res_d,-0.007175421218645013
778,t10_net_act_d t10_net_srv_d,0.0013255891182776894
779,t10_net_act_d t10_net_wal_d,-0.0
780,t10_net_amb_d^2,-0.0
781,t10_net_amb_d t10_net_apa_d,-0.0
782,t10_net_amb_d t10_net_aur_d,0.0
783,t10_net_amb_d t10_net_bar_d,0.0
784,t10_net_amb_d t10_net_cer_d,-0.03296113155609735
785,t10_net_amb_d t10_net_dra_d,0.08275410661047097
786,t10_net_amb_d t10_net_ffa_d,0.04287557261622713
787,t10_net_amb_d t10_net_fin_d,0.0
788,t10_net_amb_d t10_net_fsa_d,0.0
789,t10_net_amb_d t10_net_fsr_d,-0.0675832546369085
790,t10_net_amb_d t10_net_hoi_d,0.007281892233332233
791,t10_net_amb_d t10_net_hsr_d,-0.0006300085351553743
792,t10_net_amb_d t10_net_kct_d,-0.005169259642844263
793,t10_net_amb_d t10_net_liq_d,-0.0
794,t10_net_amb_d t10_net_mul_d,-0.018149112300573922
795,t10_net_amb_d t10_net_ngt_d,0.0014462495585805808
796,t10_net_amb_d t10_net_pht_d,0.0
797,t10_net_amb_d t10_net_res_d,-0.0
798,t10_net_amb_d t10_net_srv_d,0.019617110067956012
799,t10_net_amb_d t10_net_wal_d,-0.0
800,t10_net_apa_d^2,-0.0
801,t10_net_apa_d t10_net_aur_d,0.11626165125600048
802,t10_net_apa_d t10_net_bar_d,-0.038328692561199106
803,t10_net_apa_d t10_net_cer_d,-0.0
804,t10_net_apa_d t10_net_dra_d,-0.0
805,t10_net_apa_d t10_net_ffa_d,0.0
806,t10_net_apa_d t10_net_fin_d,-0.0
807,t10_net_apa_d t10_net_fsa_d,0.045555781056719535
808,t10_net_apa_d t10_net_fsr_d,0.040521326992091114
809,t10_net_apa_d t10_net_hoi_d,-0.0
810,t10_net_apa_d t10_net_hsr_d,-0.0
811,t10_net_apa_d t10_net_kct_d,0.00046973083695702546
812,t10_net_apa_d t10_net_liq_d,-0.03790791958203054
813,t10_net_apa_d t10_net_mul_d,-0.0
814,t10_net_apa_d t10_net_ngt_d,-0.0021563555573607058
815,t10_net_apa_d t10_net_pht_d,-0.0
816,t10_net_apa_d t10_net_res_d,0.0
817,t10_net_apa_d t10_net_srv_d,-0.0
818,t10_net_apa_d t10_net_wal_d,0.0
819,t10_net_aur_d^2,-0.0
820,t10_net_aur_d t10_net_bar_d,0.0
821,t10_net_aur_d t10_net_cer_d,-0.0
822,t10_net_aur_d t10_net_dra_d,0.0
823,t10_net_aur_d t10_net_ffa_d,0.0
824,t10_net_aur_d t10_net_fin_d,-0.0
825,t10_net_aur_d t10_net_fsa_d,-0.0
826,t10_net_aur_d t10_net_fsr_d,0.0
827,t10_net_aur_d t10_net_hoi_d,-0.0
828,t10_net_aur_d t10_net_hsr_d,-0.09116502505962801
829,t10_net_aur_d t10_net_kct_d,-0.0
830,t10_net_aur_d t10_net_liq_d,0.0
831,t10_net_aur_d t10_net_mul_d,0.0
832,t10_net_aur_d t10_net_ngt_d,0.0
833,t10_net_aur_d t10_net_pht_d,-0.0
834,t10_net_aur_d t10_net_res_d,0.07255484260911717
835,t10_net_aur_d t10_net_srv_d,-0.0
836,t10_net_aur_d t10_net_wal_d,-0.0
837,t10_net_bar_d^2,-0.004038613405977488
838,t10_net_bar_d t10_net_cer_d,0.0
839,t10_net_bar_d t10_net_dra_d,-0.0
840,t10_net_bar_d t10_net_ffa_d,0.0
841,t10_net_bar_d t10_net_fin_d,0.0
842,t10_net_bar_d t10_net_fsa_d,0.0
843,t10_net_bar_d t10_net_fsr_d,0.0
844,t10_net_bar_d t10_net_hoi_d,0.0
845,t10_net_bar_d t10_net_hsr_d,0.0
846,t10_net_bar_d t10_net_kct_d,-0.043998295040744144
847,t10_net_bar_d t10_net_liq_d,-0.01848879237429326
848,t10_net_bar_d t10_net_mul_d,-0.005830455968925101
849,t10_net_bar_d t10_net_ngt_d,-0.0
850,t10_net_bar_d t10_net_pht_d,-0.05861054657013107
851,t10_net_bar_d t10_net_res_d,0.0321158781747294
852,t10_net_bar_d t10_net_srv_d,-0.09268382139391157
853,t10_net_bar_d t10_net_wal_d,-0.0
854,t10_net_cer_d^2,0.0
855,t10_net_cer_d t10_net_dra_d,0.03340567444197478
856,t10_net_cer_d t10_net_ffa_d,0.0
857,t10_net_cer_d t10_net_fin_d,0.0
858,t10_net_cer_d t10_net_fsa_d,-0.0
859,t10_net_cer_d t10_net_fsr_d,-0.1838134154835983
860,t10_net_cer_d t10_net_hoi_d,0.02718985068612609
861,t10_net_cer_d t10_net_hsr_d,0.015320372051635058
862,t10_net_cer_d t10_net_kct_d,0.0
863,t10_net_cer_d t10_net_liq_d,0.08533349246366866
864,t10_net_cer_d t10_net_mul_d,-0.017713412346256823
865,t10_net_cer_d t10_net_ngt_d,0.0
866,t10_net_cer_d t10_net_pht_d,-0.0
867,t10_net_cer_d t10_net_res_d,-0.0
868,t10_net_cer_d t10_net_srv_d,-0.0
869,t10_net_cer_d t10_net_wal_d,-0.044416780788408834
870,t10_net_dra_d^2,0.0
871,t10_net_dra_d t10_net_ffa_d,0.0
872,t10_net_dra_d t10_net_fin_d,-0.030343067589308968
873,t10_net_dra_d t10_net_fsa_d,0.020795405905591008
874,t10_net_dra_d t10_net_fsr_d,0.0
875,t10_net_dra_d t10_net_hoi_d,-0.10052175737109696
876,t10_net_dra_d t10_net_hsr_d,0.043697208284810364
877,t10_net_dra_d t10_net_kct_d,0.022328278038044557
878,t10_net_dra_d t10_net_liq_d,0.02942688062873756
879,t10_net_dra_d t10_net_mul_d,-0.026960701996109573
880,t10_net_dra_d t10_net_ngt_d,-0.0
881,t10_net_dra_d t10_net_pht_d,0.026690130153726788
882,t10_net_dra_d t10_net_res_d,-0.10119647797686304
883,t10_net_dra_d t10_net_srv_d,0.018873043419903535
884,t10_net_dra_d t10_net_wal_d,0.0
885,t10_net_ffa_d^2,-0.14123422907606473
886,t10_net_ffa_d t10_net_fin_d,-0.03074736280105662
887,t10_net_ffa_d t10_net_fsa_d,0.0
888,t10_net_ffa_d t10_net_fsr_d,0.16877074014102494
889,t10_net_ffa_d t10_net_hoi_d,-0.0
890,t10_net_ffa_d t10_net_hsr_d,-0.06965890688132034
891,t10_net_ffa_d t10_net_kct_d,-0.018178084471802254
892,t10_net_ffa_d t10_net_liq_d,0.0
893,t10_net_ffa_d t10_net_mul_d,0.023637307916106593
894,t10_net_ffa_d t10_net_ngt_d,0.0
895,t10_net_ffa_d t10_net_pht_d,0.03071778985854096
896,t10_net_ffa_d t10_net_res_d,0.028745262702194276
897,t10_net_ffa_d t10_net_srv_d,-0.017009488079744877
898,t10_net_ffa_d t10_net_wal_d,-0.0
899,t10_net_fin_d^2,-0.05153521760563318
900,t10_net_fin_d t10_net_fsa_d,-0.07671700507856127
901,t10_net_fin_d t10_net_fsr_d,0.0
902,t10_net_fin_d t10_net_hoi_d,-0.0
903,t10_net_fin_d t10_net_hsr_d,0.05683545529376642
904,t10_net_fin_d t10_net_kct_d,0.0
905,t10_net_fin_d t10_net_liq_d,0.04217504929480932
906,t10_net_fin_d t10_net_mul_d,0.0
907,t10_net_fin_d t10_net_ngt_d,0.06633219173955628
908,t10_net_fin_d t10_net_pht_d,-0.0
909,t10_net_fin_d t10_net_res_d,0.07908679407247503
910,t10_net_fin_d t10_net_srv_d,0.0
911,t10_net_fin_d t10_net_wal_d,0.0
912,t10_net_fsa_d^2,-0.12404336645997101
913,t10_net_fsa_d t10_net_fsr_d,-0.0
914,t10_net_fsa_d t10_net_hoi_d,0.0
915,t10_net_fsa_d t10_net_hsr_d,0.11500387656903249
916,t10_net_fsa_d t10_net_kct_d,0.0
917,t10_net_fsa_d t10_net_liq_d,0.0
918,t10_net_fsa_d t10_net_mul_d,0.0
919,t10_net_fsa_d t10_net_ngt_d,0.0
920,t10_net_fsa_d t10_net_pht_d,0.0
921,t10_net_fsa_d t10_net_res_d,0.0
922,t10_net_fsa_d t10_net_srv_d,0.0
923,t10_net_fsa_d t10_net_wal_d,-0.0
924,t10_net_fsr_d^2,-0.07235475120691615
925,t10_net_fsr_d t10_net_hoi_d,0.06597634454429882
926,t10_net_fsr_d t10_net_hsr_d,-0.005815849089315112
927,t10_net_fsr_d t10_net_kct_d,0.05757880193382824
928,t10_net_fsr_d t10_net_liq_d,-0.0
929,t10_net_fsr_d t10_net_mul_d,0.06282658951061547
930,t10_net_fsr_d t10_net_ngt_d,0.09658568416784101
931,t10_net_fsr_d t10_net_pht_d,-0.040723872570763694
932,t10_net_fsr_d t10_net_res_d,0.10425938499009023
933,t10_net_fsr_d t10_net_srv_d,0.0
934,t10_net_fsr_d t10_net_wal_d,-0.0
935,t10_net_hoi_d^2,0.0
936,t10_net_hoi_d t10_net_hsr_d,-0.0
937,t10_net_hoi_d t10_net_kct_d,0.0
938,t10_net_hoi_d t10_net_liq_d,0.0
939,t10_net_hoi_d t10_net_mul_d,-0.0
940,t10_net_hoi_d t10_net_ngt_d,0.042274548804486244
941,t10_net_hoi_d t10_net_pht_d,0.06467967987296049
942,t10_net_hoi_d t10_net_res_d,-0.009875229910051814
943,t10_net_hoi_d t10_net_srv_d,-0.0
944,t10_net_hoi_d t10_net_wal_d,-0.018864698221236924
945,t10_net_hsr_d^2,-0.03509000990460726
946,t10_net_hsr_d t10_net_kct_d,0.0
947,t10_net_hsr_d t10_net_liq_d,0.0458387825548216
948,t10_net_hsr_d t10_net_mul_d,-0.005437017152759965
949,t10_net_hsr_d t10_net_ngt_d,0.024902730984229942
950,t10_net_hsr_d t10_net_pht_d,0.0
951,t10_net_hsr_d t10_net_res_d,-0.0
952,t10_net_hsr_d t10_net_srv_d,0.0
953,t10_net_hsr_d t10_net_wal_d,0.0
954,t10_net_kct_d^2,0.06036016703454433
955,t10_net_kct_d t10_net_liq_d,0.035464085644184205
956,t10_net_kct_d t10_net_mul_d,-0.021495925574316625
957,t10_net_kct_d t10_net_ngt_d,-0.028192670019136685
958,t10_net_kct_d t10_net_pht_d,-0.026116668630182183
959,t10_net_kct_d t10_net_res_d,-0.01270546451269727
960,t10_net_kct_d t10_net_srv_d,-0.027049565334906288
961,t10_net_kct_d t10_net_wal_d,-0.0
962,t10_net_liq_d^2,-0.02601388841934489
963,t10_net_liq_d t10_net_mul_d,-0.0017000305254513245
964,t10_net_liq_d t10_net_ngt_d,-0.0
965,t10_net_liq_d t10_net_pht_d,-0.0
966,t10_net_liq_d t10_net_res_d,-0.004099556136296268
967,t10_net_liq_d t10_net_srv_d,-0.056472659278756804
968,t10_net_liq_d t10_net_wal_d,-0.06273939209504892
969,t10_net_mul_d^2,-0.0
970,t10_net_mul_d t10_net_ngt_d,-0.0
971,t10_net_mul_d t10_net_pht_d,-0.0
972,t10_net_mul_d t10_net_res_d,-0.009163091898513423
973,t10_net_mul_d t10_net_srv_d,-0.0
974,t10_net_mul_d t10_net_wal_d,0.0
975,t10_net_ngt_d^2,-0.0
976,t10_net_ngt_d t10_net_pht_d,-0.0
977,t10_net_ngt_d t10_net_res_d,0.007918398059721318
978,t10_net_ngt_d t10_net_srv_d,-0.0
979,t10_net_ngt_d t10_net_wal_d,-0.0
980,t10_net_pht_d^2,0.0
981,t10_net_pht_d t10_net_res_d,-0.0014894890185253968
982,t10_net_pht_d t10_net_srv_d,0.0
983,t10_net_pht_d t10_net_wal_d,-0.0
984,t10_net_res_d^2,0.18291656826649264
985,t10_net_res_d t10_net_srv_d,0.05024969816123003
986,t10_net_res_d t10_net_wal_d,-0.2157959208199568
987,t10_net_srv_d^2,-0.0
988,t10_net_srv_d t10_net_wal_d,0.0
989,t10_net_wal_d^2,-0.0
